name,description,image_url,chill_score,touristic_score,cultural_score,must_do_score,family_friendly_score,group_friendly_score,couple_friendly_score,budget,time_commitment_score,latitude,longitude,popularity_score,adventurous_score,off_the_beaten_path_score,entertainment_score,sportive_score,originality_score,unesco
Aquaboulevard,"Le plus grand parc aquatique indoor de Paris avec toboggans, piscines à vagues et jacuzzis. Idéal pour une journée fun en famille ou entre amis, offrant une pause rafraîchissante en plein Paris.",Aucune image trouvée pour cette requête.,80,50,20,60,90,85,80,3,2.5,48.8322,2.2704,75,60,70,85,80,75,False
Arc de Triomphe,"Monument emblématique qui commémore les soldats français, avec une vue imprenable depuis la terrasse. Une visite incontournable pour ceux qui cherchent à comprendre l’histoire de Paris.",https://images.unsplash.com/photo-1510433541583-352d0fefcf4e?crop=entropy&cs=tinysrgb&fit=max&fm=jpg&ixid=M3w2NTczMzV8MHwxfHNlYXJjaHwxfHxBcmMlMjBkZSUyMFRyaW9tcGhlfGVufDB8fHx8MTcyNzE5MDIzOHww&ixlib=rb-4.0.3&q=80&w=1080,60,95,85,90,70,80,70,2,1.0,48.8738,2.295,95,40,30,70,20,50,False
Square des Batignolles,"Un petit parc charmant, calme et loin des foules, parfait pour une pause détente. Idéal pour les familles ou les couples cherchant à échapper à l'agitation parisienne.",https://images.unsplash.com/photo-1544098281-073ae35c98b0?crop=entropy&cs=tinysrgb&fit=max&fm=jpg&ixid=M3w2NTczMzV8MHwxfHNlYXJjaHwxfHxCYXRpZ25vbGxlcyUyMFNxdWFyZXxlbnwwfHx8fDE3MjcyMDA4NTR8MA&ixlib=rb-4.0.3&q=80&w=1080,85,60,50,65,75,70,85,1,1.5,48.8879,2.3187,65,50,85,60,50,70,False
Centre commercial Beaugrenelle,"Centre commercial moderne avec des boutiques de luxe, des restaurants et un cinéma. Idéal pour une journée de shopping sophistiqué et de divertissement.",https://images.unsplash.com/photo-1534452203293-494d7ddbf7e0?crop=entropy&cs=tinysrgb&fit=max&fm=jpg&ixid=M3w2NTczMzV8MHwxfHNlYXJjaHwxfHxCZWF1Z3JlbmVsbGUlMjBTaG9wcGluZyUyME1hbGx8ZW58MHx8fHwxNzI3MjAwODU1fDA&ixlib=rb-4.0.3&q=80&w=1080,70,55,40,50,80,75,75,3,2.5,48.8499,2.2821,70,40,50,80,30,40,False
Parc de Belleville,"Parc avec l'une des plus belles vues panoramiques de Paris surplombant la ville. Moins touristique que Montmartre, parfait pour une promenade tranquille ou un pique-nique en couple ou en famille.",https://images.unsplash.com/photo-1578802036692-81304d32a565?crop=entropy&cs=tinysrgb&fit=max&fm=jpg&ixid=M3w2NTczMzV8MHwxfHNlYXJjaHwxfHxCZWxsZXZpbGxlJTIwUGFya3xlbnwwfHx8fDE3MjcxOTA0MTl8MA&ixlib=rb-4.0.3&q=80&w=1080,80,65,70,60,75,70,80,1,1.5,48.8722,2.3806,65,70,85,60,65,75,False
Bibliothèque Sainte-Geneviève,"Bibliothèque historique qui reflète l'architecture néoclassique. Un lieu culturel important pour les amateurs de lecture et d'histoire, loin des circuits touristiques traditionnels.",https://images.unsplash.com/photo-1537202108838-e7072bad1927?crop=entropy&cs=tinysrgb&fit=max&fm=jpg&ixid=M3w2NTczMzV8MHwxfHNlYXJjaHwxfHxCaWJsaW90aCVDMyVBOHF1ZSUyMFNhaW50ZS1HZW5ldmklQzMlQTh2ZXxlbnwwfHx8fDE3MjcyMDA4NTh8MA&ixlib=rb-4.0.3&q=80&w=1080,60,40,85,65,50,50,65,1,1.0,48.8463,2.3469,50,30,65,45,20,60,False
Bois de Boulogne,"Grand parc urbain offrant une multitude d'activités : balade en barque, jogging, vélo, zoo. Idéal pour une journée en plein air loin de l'agitation du centre-ville.",https://images.unsplash.com/photo-1688057806588-9ec9736588ad?crop=entropy&cs=tinysrgb&fit=max&fm=jpg&ixid=M3w2NTczMzV8MHwxfHNlYXJjaHwxfHxCb2lzJTIwZGUlMjBCb3Vsb2duZXxlbnwwfHx8fDE3MjcxOTAzOTF8MA&ixlib=rb-4.0.3&q=80&w=1080,85,60,60,70,85,85,90,1,3.5,48.8636,2.253,80,80,75,70,85,75,False
Bois de Vincennes,"Un immense parc à l'est de Paris avec des jardins, des lacs, et un zoo. Un espace naturel et paisible pour se détendre ou pratiquer des activités sportives.",https://images.unsplash.com/photo-1558209351-15dbd1a978bc?crop=entropy&cs=tinysrgb&fit=max&fm=jpg&ixid=M3w2NTczMzV8MHwxfHNlYXJjaHwxfHxCb2lzJTIwZGUlMjBWaW5jZW5uZXN8ZW58MHx8fHwxNzI3MjAwODYwfDA&ixlib=rb-4.0.3&q=80&w=1080,85,60,60,70,85,85,85,1,3.5,48.8284,2.4331,75,80,80,70,80,70,False
Quartier Mouffetard,"Quartier historique avec des ruelles pavées et des marchés de produits locaux. Ambiance authentique et vivante, parfait pour une immersion dans la vie parisienne traditionnelle.",https://images.unsplash.com/photo-1593034758267-b08f7c932435?crop=entropy&cs=tinysrgb&fit=max&fm=jpg&ixid=M3w2NTczMzV8MHwxfHNlYXJjaHwxfHxCb3dsaW5nJTIwTW91ZmZldGFyZHxlbnwwfHx8fDE3MjcyMDA4NjF8MA&ixlib=rb-4.0.3&q=80&w=1080,80,75,85,80,70,75,90,1,1.5,48.8407,2.3484,85,60,85,75,40,85,False
Butte Bergeyre,"Colline secrète de Paris avec des vues panoramiques et des vignes urbaines. L'un des secrets les mieux gardés de la ville, offrant une véritable expérience hors des sentiers battus.",https://images.unsplash.com/photo-1616079537574-0e1b4d27be4e?crop=entropy&cs=tinysrgb&fit=max&fm=jpg&ixid=M3w2NTczMzV8MHwxfHNlYXJjaHwxfHxCdXR0ZSUyMEJlcmdleXJlfGVufDB8fHx8MTcyNzIwMDg2M3ww&ixlib=rb-4.0.3&q=80&w=1080,85,50,65,55,60,60,85,1,1.5,48.8824,2.3768,60,70,90,55,50,85,False
Parc des Buttes-Chaumont,"Un des plus beaux parcs de Paris avec des cascades, des grottes et un temple perché. Parfait pour une balade romantique ou une sortie en famille.",https://images.unsplash.com/photo-1686052903991-fedc0903ad4d?crop=entropy&cs=tinysrgb&fit=max&fm=jpg&ixid=M3w2NTczMzV8MHwxfHNlYXJjaHwxfHxCdXR0ZXMtQ2hhdW1vbnQlMjBQYXJrfGVufDB8fHx8MTcyNzE5MDQwMXww&ixlib=rb-4.0.3&q=80&w=1080,85,70,60,75,85,80,80,1,2.5,48.8809,2.382,80,75,85,70,80,80,False
Canal Saint-Martin,"Endroit parfait pour une promenade paisible le long des berges. Lieu branché avec des cafés et des boutiques alternatives, souvent peu fréquenté par les touristes.",https://images.unsplash.com/photo-1610047698260-e170fa1b1e65?crop=entropy&cs=tinysrgb&fit=max&fm=jpg&ixid=M3w2NTczMzV8MHwxfHNlYXJjaHwxfHxDYW5hbCUyMFNhaW50LU1hcnRpbnxlbnwwfHx8fDE3MjcxOTAzODl8MA&ixlib=rb-4.0.3&q=80&w=1080,90,80,50,80,75,80,90,1,2.0,48.8709,2.3642,85,70,80,80,40,90,False
Canal de l'Ourcq,Parcours agréable en bateau ou en vélo le long d’un canal calme qui s’éloigne de la ville. Excellent pour une escapade tranquille loin des circuits touristiques habituels.,https://images.unsplash.com/photo-1572539871444-f75875c64366?crop=entropy&cs=tinysrgb&fit=max&fm=jpg&ixid=M3w2NTczMzV8MHwxfHNlYXJjaHwxfHxDYW5hbCUyMGRlJTIwbCUyN091cmNxfGVufDB8fHx8MTcyNzE5MDQxNnww&ixlib=rb-4.0.3&q=80&w=1080,85,65,50,70,75,70,85,1,2.0,48.8851,2.3682,70,80,85,70,50,80,False
Centre Pompidou,Musée d'art moderne avec des expositions et des collections impressionnantes. Un must pour les amateurs d'art contemporain et un joyau architectural à découvrir.,https://images.unsplash.com/photo-1572626313928-e5ee0a169bff?crop=entropy&cs=tinysrgb&fit=max&fm=jpg&ixid=M3w2NTczMzV8MHwxfHNlYXJjaHwxfHxDZW50cmUlMjBQb21waWRvdXxlbnwwfHx8fDE3MjcyMDA4Njd8MA&ixlib=rb-4.0.3&q=80&w=1080,60,90,90,85,65,75,70,2,2.5,48.8606,2.3522,90,40,50,85,20,75,False
Champs-Élysées,"Avenue la plus célèbre de Paris avec des boutiques de luxe, des restaurants et des cinémas. Un incontournable pour une première visite à Paris.",https://images.unsplash.com/photo-1557456275-5bfe3c02223f?crop=entropy&cs=tinysrgb&fit=max&fm=jpg&ixid=M3w2NTczMzV8MHwxfHNlYXJjaHwxfHxDaGFtcHMtJUMzJTg5bHlzJUMzJUE5ZXN8ZW58MHx8fHwxNzI3MTkwMjM1fDA&ixlib=rb-4.0.3&q=80&w=1080,65,95,60,90,65,80,75,3,2.0,48.87,2.3045,95,30,40,80,15,65,False
Cité de l'Architecture et du Patrimoine,"Musée dédié à l'architecture et au patrimoine français, situé près du Trocadéro avec vue sur la Tour Eiffel. Idéal pour les amateurs d’histoire et d’architecture.",https://images.unsplash.com/photo-1629111015773-24321c639530?crop=entropy&cs=tinysrgb&fit=max&fm=jpg&ixid=M3w2NTczMzV8MHwxfHNlYXJjaHwxfHxDaXQlQzMlQTklMjBkZSUyMGwlMjdBcmNoaXRlY3R1cmUlMjBldCUyMGR1JTIwUGF0cmltb2luZXxlbnwwfHx8fDE3MjcyMDA4Njl8MA&ixlib=rb-4.0.3&q=80&w=1080,60,80,85,75,55,60,65,2,2.5,48.8624,2.2885,80,40,50,75,10,70,False
Coulée Verte René-Dumont,"Ancienne voie ferrée réaménagée en promenade verdoyante qui traverse le 12e arrondissement. Lieu paisible pour une marche tranquille, loin des attractions bondées.",https://images.unsplash.com/photo-1570688384235-e33c15afbe82?crop=entropy&cs=tinysrgb&fit=max&fm=jpg&ixid=M3w2NTczMzV8MHwxfHNlYXJjaHwxfHxDb3VsJUMzJUE5ZSUyMFZlcnRlJTIwUmVuJUMzJUE5LUR1bW9udHxlbnwwfHx8fDE3MjcxOTAzOTZ8MA&ixlib=rb-4.0.3&q=80&w=1080,80,65,70,70,80,75,85,1,2.5,48.8463,2.3851,70,75,90,60,50,85,False
Disneyland Paris,"Parc d'attractions emblématique pour les petits et grands, avec des manèges, des spectacles et des parades. Un must pour les familles et amateurs de magie Disney.",https://images.unsplash.com/photo-1638268006222-a3838b24fd0a?crop=entropy&cs=tinysrgb&fit=max&fm=jpg&ixid=M3w2NTczMzV8MHwxfHNlYXJjaHwxfHxEaXNuZXlsYW5kJTIwUGFyaXN8ZW58MHx8fHwxNzI3MTkwMzg3fDA&ixlib=rb-4.0.3&q=80&w=1080,75,90,50,95,95,90,90,4,6.0,48.8675,2.7832,100,40,10,95,90,50,False
Escape Hunt,"Une expérience immersive d'escape game à thème, située en plein centre de Paris. Parfait pour les groupes d'amis ou les familles à la recherche de défis amusants.",https://images.unsplash.com/photo-1605844797540-c705624fa599?crop=entropy&cs=tinysrgb&fit=max&fm=jpg&ixid=M3w2NTczMzV8MHwxfHNlYXJjaHwxfHxFc2NhcGUlMjBIdW50fGVufDB8fHx8MTcyNzIwMDg3M3ww&ixlib=rb-4.0.3&q=80&w=1080,65,50,30,60,65,85,70,3,2.0,48.8493,2.368,65,70,70,90,40,60,False
Galeries Lafayette Rooftop,Visitez le rooftop des Galeries Lafayette pour une vue panoramique sur Paris.,https://images.unsplash.com/photo-1724522626077-4ab1eea5d4b3?crop=entropy&cs=tinysrgb&fit=max&fm=jpg&ixid=M3w2NTczMzV8MHwxfHNlYXJjaHwxfHxHYWxlcmllcyUyMExhZmF5ZXR0ZSUyMFJvb2Z0b3B8ZW58MHx8fHwxNzI3MTkwMzg2fDA&ixlib=rb-4.0.3&q=80&w=1080,70,85,40,70,50,60,85,2,40.0,48.8738,2.332,80,10,20,55,0,20,False
Grand Palais,"Une magnifique salle d'exposition accueillant des expositions d'art, des défilés de mode et des événements culturels.",https://images.unsplash.com/photo-1567502400956-d7f451b518de?crop=entropy&cs=tinysrgb&fit=max&fm=jpg&ixid=M3w2NTczMzV8MHwxfHNlYXJjaHwxfHxHcmFuZCUyMFBhbGFpc3xlbnwwfHx8fDE3MjcyMDA4NzV8MA&ixlib=rb-4.0.3&q=80&w=1080,40,90,80,85,50,70,75,3,60.0,48.8662,2.3125,90,10,10,80,10,25,True
Hôpital Saint-Louis Courtyard,"Une cour cachée dans un hôpital historique, un endroit calme avec une belle architecture.",https://images.unsplash.com/photo-1517237680353-0276536284ca?crop=entropy&cs=tinysrgb&fit=max&fm=jpg&ixid=M3w2NTczMzV8MHwxfHNlYXJjaHwxfHxIJUMzJUI0cGl0YWwlMjBTYWludC1Mb3VpcyUyMENvdXJ0eWFyZHxlbnwwfHx8fDE3MjcyMDA4NzZ8MA&ixlib=rb-4.0.3&q=80&w=1080,80,40,30,20,30,50,65,1,30.0,48.8718,2.3689,40,20,70,40,5,40,False
Institut du Monde Arabe,"Un centre culturel dédié à la culture arabe, avec des expositions, des concerts et une vue sur le toit de Paris.",https://images.unsplash.com/photo-1516705346105-1604914311cc?crop=entropy&cs=tinysrgb&fit=max&fm=jpg&ixid=M3w2NTczMzV8MHwxfHNlYXJjaHwxfHxJbnN0aXR1dCUyMGR1JTIwTW9uZGUlMjBBcmFiZXxlbnwwfHx8fDE3MjcyMDA4Nzd8MA&ixlib=rb-4.0.3&q=80&w=1080,40,60,85,70,40,55,60,2,50.0,48.8492,2.3586,70,10,30,50,5,35,False
Jardin Catherine-Labouré,"Un jardin caché derrière un couvent, offrant une évasion sereine de la ville animée.",https://images.unsplash.com/photo-1568883887623-71fe388a7106?crop=entropy&cs=tinysrgb&fit=max&fm=jpg&ixid=M3w2NTczMzV8MHwxfHNlYXJjaHwxfHxKYXJkaW4lMjBDYXRoZXJpbmUtTGFib3VyJUMzJUE5fGVufDB8fHx8MTcyNzIwMDg3OXww&ixlib=rb-4.0.3&q=80&w=1080,90,35,20,25,70,60,80,1,50.0,48.8506,2.3196,40,10,80,45,0,60,False
Jardin d'Acclimatation,"Un parc d'attractions familial avec des jardins, des animaux et de nombreux endroits pour se détendre.",https://images.unsplash.com/photo-1723021211505-6137d51da475?crop=entropy&cs=tinysrgb&fit=max&fm=jpg&ixid=M3w2NTczMzV8MHwxfHNlYXJjaHwxfHxKYXJkaW4lMjBkJTI3QWNjbGltYXRhdGlvbnxlbnwwfHx8fDE3MjcxOTA0MjF8MA&ixlib=rb-4.0.3&q=80&w=1080,80,70,35,50,90,90,70,3,70.0,48.8771,2.2675,80,40,25,80,50,50,False
Jardin des Plantes,"Promenez-vous dans les magnifiques jardins botaniques, un endroit parfait pour se détendre et pique-niquer.",https://images.unsplash.com/photo-1667214414303-cf69ae0fb76f?crop=entropy&cs=tinysrgb&fit=max&fm=jpg&ixid=M3w2NTczMzV8MHwxfHNlYXJjaHwxfHxKYXJkaW4lMjBkZXMlMjBQbGFudGVzfGVufDB8fHx8MTcyNzE5MDM5NHww&ixlib=rb-4.0.3&q=80&w=1080,75,60,65,65,85,70,80,2,60.0,48.8434,2.3581,75,10,40,70,25,50,False
Jardin des Serres d'Auteuil,"Un jardin botanique avec de superbes serres, présentant des plantes et des fleurs rares.",https://images.unsplash.com/photo-1603582853461-e8fcdd95575d?crop=entropy&cs=tinysrgb&fit=max&fm=jpg&ixid=M3w2NTczMzV8MHwxfHNlYXJjaHwxfHxKYXJkaW4lMjBkZXMlMjBTZXJyZXMlMjBkJTI3QXV0ZXVpbHxlbnwwfHx8fDE3MjcyMDA4ODJ8MA&ixlib=rb-4.0.3&q=80&w=1080,85,40,50,45,80,70,75,2,55.0,48.8437,2.2546,60,10,60,60,20,55,False
Jardin des Tuileries,"Promenez-vous dans le magnifique Jardin des Tuileries, situé entre le Louvre et la Place de la Concorde.",https://images.unsplash.com/photo-1695583055676-d6cdde56f15c?crop=entropy&cs=tinysrgb&fit=max&fm=jpg&ixid=M3w2NTczMzV8MHwxfHNlYXJjaHwxfHxKYXJkaW4lMjBkZXMlMjBUdWlsZXJpZXN8ZW58MHx8fHwxNzI3MTkwMzc3fDA&ixlib=rb-4.0.3&q=80&w=1080,70,85,60,75,70,80,85,1,50.0,48.8638,2.327,85,10,20,65,0,30,False
Jardin du Palais Royal,"Un jardin caché entouré d'arcades, parfait pour une promenade tranquille à l'abri de la foule.",https://images.unsplash.com/photo-1570667113707-e1df4c42251d?crop=entropy&cs=tinysrgb&fit=max&fm=jpg&ixid=M3w2NTczMzV8MHwxfHNlYXJjaHwxfHxKYXJkaW4lMjBkdSUyMFBhbGFpcyUyMFJveWFsfGVufDB8fHx8MTcyNzIwMDg4NHww&ixlib=rb-4.0.3&q=80&w=1080,85,60,70,65,70,65,85,2,50.0,48.8669,2.3362,70,10,50,60,5,55,False
La Campagne à Paris,Promenez-vous dans ce quartier caché qui ressemble à une échappée à la campagne en plein cœur de la ville.,https://images.unsplash.com/photo-1471623320832-752e8bbf8413?crop=entropy&cs=tinysrgb&fit=max&fm=jpg&ixid=M3w2NTczMzV8MHwxfHNlYXJjaHwxfHxMYSUyMENhbXBhZ25lJTIwJUMzJUEwJTIwUGFyaXN8ZW58MHx8fHwxNzI3MTkwNDE4fDA&ixlib=rb-4.0.3&q=80&w=1080,80,30,40,30,50,55,80,1,50.0,48.8744,2.408,45,30,90,40,15,75,False
La Pagode,"Un cinéma historique dans un bâtiment exotique, projetant des films d'art dans une ambiance intime.",https://images.unsplash.com/photo-1583133010801-0b9802ae9c17?crop=entropy&cs=tinysrgb&fit=max&fm=jpg&ixid=M3w2NTczMzV8MHwxfHNlYXJjaHwxfHxMYSUyMFBhZ29kZXxlbnwwfHx8fDE3MjcyMDA4ODd8MA&ixlib=rb-4.0.3&q=80&w=1080,70,30,40,30,50,55,80,2,40.0,48.8522,2.2986,50,30,70,50,10,65,False
La Petite Ceinture,"Explorez la ligne de chemin de fer abandonnée, désormais une jungle urbaine cachée dans la ville.",https://images.unsplash.com/photo-1556905200-bd982f883637?crop=entropy&cs=tinysrgb&fit=max&fm=jpg&ixid=M3w2NTczMzV8MHwxfHNlYXJjaHwxfHxMYSUyMFBldGl0ZSUyMENlaW50dXJlfGVufDB8fHx8MTcyNzIwMDg4OHww&ixlib=rb-4.0.3&q=80&w=1080,85,25,30,30,60,70,75,1,60.0,48.8403,2.35,45,40,90,45,20,75,False
La Philharmonie de Paris,Assistez à un concert de musique classique dans cette salle de concert à la pointe de la technologie conçue par l'architecte Jean Nouvel.,https://images.unsplash.com/photo-1471623320832-752e8bbf8413?crop=entropy&cs=tinysrgb&fit=max&fm=jpg&ixid=M3w2NTczMzV8MHwxfHNlYXJjaHwxfHxMYSUyMFBoaWxoYXJtb25pZSUyMGRlJTIwUGFyaXN8ZW58MHx8fHwxNzI3MjAwODg5fDA&ixlib=rb-4.0.3&q=80&w=1080,40,70,90,75,50,70,70,3,60.0,48.8899,2.3935,80,10,10,85,5,35,False
La Recyclerie,"Un lieu unique qui combine un café, un jardin et des ateliers de recyclage pour une ambiance détendue.",https://images.unsplash.com/photo-1533652891997-cd472863d206?crop=entropy&cs=tinysrgb&fit=max&fm=jpg&ixid=M3w2NTczMzV8MHwxfHNlYXJjaHwxfHxMYSUyMFJlY3ljbGVyaWV8ZW58MHx8fHwxNzI3MTkwNDAyfDA&ixlib=rb-4.0.3&q=80&w=1080,80,35,40,40,70,80,85,1,60.0,48.8953,2.3452,50,30,85,55,20,60,False
Les Grands Voisins,"Un espace communautaire dynamique avec des installations artistiques, des cafés, des boutiques et des activités culturelles.",https://images.unsplash.com/photo-1589814976518-788be08b9767?crop=entropy&cs=tinysrgb&fit=max&fm=jpg&ixid=M3w2NTczMzV8MHwxfHNlYXJjaHwxfHxMZXMlMjBHcmFuZHMlMjBWb2lzaW5zfGVufDB8fHx8MTcyNzIwMDg5Mnww&ixlib=rb-4.0.3&q=80&w=1080,80,35,40,40,60,75,80,1,60.0,48.8404,2.3352,55,30,85,50,15,65,False
Les Halles Forum,"Un centre commercial souterrain animé au cœur de Paris, offrant un mélange de magasins et de restaurants.",https://images.unsplash.com/photo-1557097217-bcffc79d6cb9?crop=entropy&cs=tinysrgb&fit=max&fm=jpg&ixid=M3w2NTczMzV8MHwxfHNlYXJjaHwxfHxMZXMlMjBIYWxsZXMlMjBGb3J1bXxlbnwwfHx8fDE3MjcyMDA4OTN8MA&ixlib=rb-4.0.3&q=80&w=1080,50,80,40,65,70,85,65,3,50.0,48.8612,2.3474,80,10,15,70,5,25,False
Louvre Museum,Explorez l'un des plus grands musées du monde avec des œuvres célèbres comme la Mona Lisa.,https://images.unsplash.com/photo-1500039436846-25ae2f11882e?crop=entropy&cs=tinysrgb&fit=max&fm=jpg&ixid=M3w2NTczMzV8MHwxfHNlYXJjaHwxfHxMb3V2cmUlMjBNdXNldW18ZW58MHx8fHwxNzI3MTkwMjI5fDA&ixlib=rb-4.0.3&q=80&w=1080,30,100,100,95,60,85,80,3,90.0,48.8606,2.3376,100,5,5,85,0,20,True
Luxembourg Gardens,"Détendez-vous dans les jardins du Luxembourg, une oasis de tranquillité au cœur de Paris.",https://images.unsplash.com/photo-1564679473880-5e132b38cf09?crop=entropy&cs=tinysrgb&fit=max&fm=jpg&ixid=M3w2NTczMzV8MHwxfHNlYXJjaHwxfHxMdXhlbWJvdXJnJTIwR2FyZGVuc3xlbnwwfHx8fDE3MjcxOTAzODN8MA&ixlib=rb-4.0.3&q=80&w=1080,80,70,50,60,85,75,85,1,60.0,48.8462,2.3372,85,10,30,75,10,45,False
Maison Européenne de la Photographie,"Un musée dédié à la photographie contemporaine, accueillant des expositions régulières et des événements culturels.",https://images.unsplash.com/photo-1598065412434-6544dc76f81f?crop=entropy&cs=tinysrgb&fit=max&fm=jpg&ixid=M3w2NTczMzV8MHwxfHNlYXJjaHwxfHxNYWlzb24lMjBFdXJvcCVDMyVBOWVubmUlMjBkZSUyMGxhJTIwUGhvdG9ncmFwaGllfGVufDB8fHx8MTcyNzIwMDg5Nnww&ixlib=rb-4.0.3&q=80&w=1080,40,50,75,65,40,55,65,2,50.0,48.8572,2.3599,60,10,30,65,5,35,False
Maison Rouge,Un musée d'art contemporain présentant des expositions tournantes dans un bâtiment en brique rouge saisissant.,https://images.unsplash.com/photo-1701621403367-da852bbbc0c0?crop=entropy&cs=tinysrgb&fit=max&fm=jpg&ixid=M3w2NTczMzV8MHwxfHNlYXJjaHwxfHxNYWlzb24lMjBSb3VnZXxlbnwwfHx8fDE3MjcyMDA4OTh8MA&ixlib=rb-4.0.3&q=80&w=1080,70,40,65,55,40,60,65,2,40.0,48.8493,2.3649,50,10,40,45,5,35,False
Maison de Balzac,"Visitez l'ancienne résidence de l'écrivain Honoré de Balzac, aujourd'hui un musée présentant sa vie et son œuvre.",https://images.unsplash.com/photo-1600527588483-ece2a2197ab7?crop=entropy&cs=tinysrgb&fit=max&fm=jpg&ixid=M3w2NTczMzV8MHwxfHNlYXJjaHwxfHxNYWlzb24lMjBkZSUyMEJhbHphY3xlbnwwfHx8fDE3MjcyMDA4OTl8MA&ixlib=rb-4.0.3&q=80&w=1080,70,40,60,50,40,55,70,2,40.0,48.8559,2.277,50,5,50,50,5,40,False
Maison de Victor Hugo,"Explorez l'ancienne résidence de Victor Hugo, aujourd'hui un musée consacré à sa vie et à ses œuvres.",https://images.unsplash.com/photo-1598065412434-6544dc76f81f?crop=entropy&cs=tinysrgb&fit=max&fm=jpg&ixid=M3w2NTczMzV8MHwxfHNlYXJjaHwxfHxNYWlzb24lMjBkZSUyMFZpY3RvciUyMEh1Z298ZW58MHx8fHwxNzI3MjAwOTAwfDA&ixlib=rb-4.0.3&q=80&w=1080,70,55,80,65,50,60,75,2,50.0,48.8545,2.3667,75,10,40,65,5,35,False
Marché aux Puces de Saint-Ouen,"Explorez l'un des plus grands marchés aux puces du monde, offrant des trésors vintage et des antiquités.",https://images.unsplash.com/photo-1598065412434-6544dc76f81f?crop=entropy&cs=tinysrgb&fit=max&fm=jpg&ixid=M3w2NTczMzV8MHwxfHNlYXJjaHwxfHxNYXJjaCVDMyVBOSUyMGF1eCUyMFB1Y2VzJTIwZGUlMjBTYWludC1PdWVufGVufDB8fHx8MTcyNzIwMDkwMnww&ixlib=rb-4.0.3&q=80&w=1080,50,75,40,65,80,85,70,2,60.0,48.9051,2.3396,85,20,30,80,15,50,False
Marché des Enfants Rouges,"Explorez le plus ancien marché couvert de Paris, offrant une variété de stands de nourriture dans une ambiance cosy.",https://images.unsplash.com/photo-1683020368642-b13704a2a462?crop=entropy&cs=tinysrgb&fit=max&fm=jpg&ixid=M3w2NTczMzV8MHwxfHNlYXJjaHwxfHxNYXJjaCVDMyVBOSUyMGRlcyUyMEVuZmFudHMlMjBSb3VnZXN8ZW58MHx8fHwxNzI3MTkwNDA2fDA&ixlib=rb-4.0.3&q=80&w=1080,60,70,35,50,70,75,65,1,40.0,48.8627,2.3639,70,20,60,65,10,55,False
Montmartre Walking Tour,Explorez le quartier artistique de Montmartre avec ses rues pavées et son ambiance bohème.,https://images.unsplash.com/photo-1628589549925-3bb8e0632be5?crop=entropy&cs=tinysrgb&fit=max&fm=jpg&ixid=M3w2NTczMzV8MHwxfHNlYXJjaHwxfHxNb250bWFydHJlJTIwV2Fsa2luZyUyMFRvdXJ8ZW58MHx8fHwxNzI3MTkwMjMzfDA&ixlib=rb-4.0.3&q=80&w=1080,75,90,70,85,60,80,85,2,90.0,48.8867,2.338,90,25,20,85,15,40,False
Moulin Rouge Show,Assistez à un spectacle de cabaret au légendaire Moulin Rouge.,https://images.unsplash.com/photo-1523532509102-e5a73b881d8e?crop=entropy&cs=tinysrgb&fit=max&fm=jpg&ixid=M3w2NTczMzV8MHwxfHNlYXJjaHwxfHxNb3VsaW4lMjBSb3VnZSUyMFNob3d8ZW58MHx8fHwxNzI3MjAwOTA1fDA&ixlib=rb-4.0.3&q=80&w=1080,40,100,50,85,60,85,70,4,60.0,48.8841,2.3324,95,10,10,90,0,30,False
Musée Bourdelle,"Découvrez les œuvres du sculpteur Antoine Bourdelle dans son ancien atelier, aujourd'hui un musée avec un jardin.",https://images.unsplash.com/photo-1666468687723-eaa328a27e72?crop=entropy&cs=tinysrgb&fit=max&fm=jpg&ixid=M3w2NTczMzV8MHwxfHNlYXJjaHwxfHxNdXMlQzMlQTllJTIwQm91cmRlbGxlfGVufDB8fHx8MTcyNzIwMDkwN3ww&ixlib=rb-4.0.3&q=80&w=1080,75,45,70,60,40,60,70,2,50.0,48.8451,2.3164,60,5,60,50,5,40,False
Musée Carnavalet,"Un musée dédié à l'histoire de Paris, avec des expositions couvrant plusieurs siècles.",https://images.unsplash.com/photo-1673192548093-7bd7844c29d0?crop=entropy&cs=tinysrgb&fit=max&fm=jpg&ixid=M3w2NTczMzV8MHwxfHNlYXJjaHwxfHxNdXMlQzMlQTllJTIwQ2FybmF2YWxldHxlbnwwfHx8fDE3MjcyMDA5MDh8MA&ixlib=rb-4.0.3&q=80&w=1080,65,50,85,65,50,65,75,2,60.0,48.8572,2.3621,70,10,40,70,5,35,False
Musée Guimet,"Un musée dédié à l'art asiatique, présentant une vaste collection de sculptures, de peintures et d'artefacts.",https://images.unsplash.com/photo-1665760671029-d1cbd5b8c90a?crop=entropy&cs=tinysrgb&fit=max&fm=jpg&ixid=M3w2NTczMzV8MHwxfHNlYXJjaHwxfHxNdXMlQzMlQTllJTIwR3VpbWV0fGVufDB8fHx8MTcyNzIwMDkwOXww&ixlib=rb-4.0.3&q=80&w=1080,55,50,85,65,50,65,70,3,60.0,48.8641,2.2957,65,5,30,75,5,35,False
Musée Jacquemart-André,Un magnifique musée présentant une collection d'art classique et de mobilier d'époque dans un manoir du 19e siècle.,https://images.unsplash.com/photo-1668512624315-5da320435a44?crop=entropy&cs=tinysrgb&fit=max&fm=jpg&ixid=M3w2NTczMzV8MHwxfHNlYXJjaHwxfHxNdXMlQzMlQTllJTIwSmFjcXVlbWFydC1BbmRyJUMzJUE5fGVufDB8fHx8MTcyNzIwMDkxMXww&ixlib=rb-4.0.3&q=80&w=1080,70,50,80,65,50,70,75,2,60.0,48.8756,2.3082,75,5,30,75,5,40,False
Musée Marmottan Monet,"Un musée abritant la plus grande collection au monde d'œuvres de Claude Monet, y compris 'Impression, Soleil Levant.'",https://images.unsplash.com/photo-1666468687723-eaa328a27e72?crop=entropy&cs=tinysrgb&fit=max&fm=jpg&ixid=M3w2NTczMzV8MHwxfHNlYXJjaHwxfHxNdXMlQzMlQTllJTIwTWFybW90dGFuJTIwTW9uZXR8ZW58MHx8fHwxNzI3MjAwOTEyfDA&ixlib=rb-4.0.3&q=80&w=1080,70,50,75,65,50,65,75,2,60.0,48.8637,2.2707,65,5,35,70,5,35,False
Musée Nissim de Camondo,"Explorez ce manoir luxueux transformé en musée, présentant les arts décoratifs français du XVIIIe siècle.",https://images.unsplash.com/photo-1636142747667-345c583d09a5?crop=entropy&cs=tinysrgb&fit=max&fm=jpg&ixid=M3w2NTczMzV8MHwxfHNlYXJjaHwxfHxNdXMlQzMlQTllJTIwTmlzc2ltJTIwZGUlMjBDYW1vbmRvfGVufDB8fHx8MTcyNzIwMDkxM3ww&ixlib=rb-4.0.3&q=80&w=1080,70,40,75,65,40,60,70,2,50.0,48.8796,2.3122,60,5,50,60,5,35,False
Musée Picasso,"Installé dans un magnifique hôtel particulier, ce musée est dédié aux œuvres de Pablo Picasso.",https://images.unsplash.com/photo-1560706834-97a5cdf62110?crop=entropy&cs=tinysrgb&fit=max&fm=jpg&ixid=M3w2NTczMzV8MHwxfHNlYXJjaHwxfHxNdXMlQzMlQTllJTIwUGljYXNzb3xlbnwwfHx8fDE3MjcyMDA5MTV8MA&ixlib=rb-4.0.3&q=80&w=1080,60,75,90,80,50,70,75,3,60.0,48.8599,2.3623,85,10,20,85,5,30,False
Musée Rodin,Découvrez l'univers du sculpteur Auguste Rodin dans ce magnifique musée et jardin.,https://images.unsplash.com/photo-1681854732406-30d197b297b9?crop=entropy&cs=tinysrgb&fit=max&fm=jpg&ixid=M3w2NTczMzV8MHwxfHNlYXJjaHwxfHxNdXMlQzMlQTllJTIwUm9kaW58ZW58MHx8fHwxNzI3MjAwOTE2fDA&ixlib=rb-4.0.3&q=80&w=1080,65,85,85,80,55,70,75,2,60.0,48.8554,2.3155,90,10,20,80,5,35,False
Musée Zadkine,"Un petit musée et jardin dédié aux œuvres du sculpteur Ossip Zadkine, caché dans Montparnasse.",https://images.unsplash.com/photo-1666468687723-eaa328a27e72?crop=entropy&cs=tinysrgb&fit=max&fm=jpg&ixid=M3w2NTczMzV8MHwxfHNlYXJjaHwxfHxNdXMlQzMlQTllJTIwWmFka2luZXxlbnwwfHx8fDE3MjcyMDA5MTh8MA&ixlib=rb-4.0.3&q=80&w=1080,75,40,60,55,40,60,65,2,50.0,48.8447,2.3343,50,10,50,55,5,40,False
Musée d'Orsay,Découvrez la plus grande collection au monde d'œuvres impressionnistes et post-impressionnistes.,https://images.unsplash.com/photo-1632127257703-0cf673d29050?crop=entropy&cs=tinysrgb&fit=max&fm=jpg&ixid=M3w2NTczMzV8MHwxfHNlYXJjaHwxfHxNdXMlQzMlQTllJTIwZCUyN09yc2F5fGVufDB8fHx8MTcyNzE5MDM2NXww&ixlib=rb-4.0.3&q=80&w=1080,40,100,100,95,60,85,80,3,90.0,48.8599,2.3266,100,5,5,85,0,20,False
Musée de Cluny,"Un musée d'histoire et d'art médiévaux, présentant de magnifiques tapisseries et des reliques architecturales.",https://images.unsplash.com/photo-1598065412434-6544dc76f81f?crop=entropy&cs=tinysrgb&fit=max&fm=jpg&ixid=M3w2NTczMzV8MHwxfHNlYXJjaHwxfHxNdXMlQzMlQTllJTIwZGUlMjBDbHVueXxlbnwwfHx8fDE3MjcyMDA5MjF8MA&ixlib=rb-4.0.3&q=80&w=1080,50,70,85,70,50,65,70,2,60.0,48.8504,2.3445,70,10,30,70,5,35,False
Musée de Montmartre,"Un musée qui capture l'histoire bohème de Montmartre, installé dans une résidence d'artistes.",https://images.unsplash.com/photo-1628589549925-3bb8e0632be5?crop=entropy&cs=tinysrgb&fit=max&fm=jpg&ixid=M3w2NTczMzV8MHwxfHNlYXJjaHwxfHxNdXMlQzMlQTllJTIwZGUlMjBNb250bWFydHJlfGVufDB8fHx8MTcyNzIwMDkyMnww&ixlib=rb-4.0.3&q=80&w=1080,65,70,75,75,50,70,75,2,60.0,48.8874,2.3387,75,10,30,75,5,35,False
Musée de l'Orangerie,"Un incontournable pour les amateurs d'art, présentant les Nymphéas de Monet dans un cadre serein.",https://images.unsplash.com/photo-1551124190-343f48f285fa?crop=entropy&cs=tinysrgb&fit=max&fm=jpg&ixid=M3w2NTczMzV8MHwxfHNlYXJjaHwxfHxNdXMlQzMlQTllJTIwZGUlMjBsJTI3T3JhbmdlcmllfGVufDB8fHx8MTcyNzIwMDkyNHww&ixlib=rb-4.0.3&q=80&w=1080,60,85,85,80,55,70,75,2,60.0,48.8647,2.3228,90,5,15,80,0,25,False
Musée de la Chasse et de la Nature,"Un musée éclectique dédié à la chasse et à la nature, offrant une expérience unique.",https://images.unsplash.com/photo-1472396961693-142e6e269027?crop=entropy&cs=tinysrgb&fit=max&fm=jpg&ixid=M3w2NTczMzV8MHwxfHNlYXJjaHwxfHxNdXMlQzMlQTllJTIwZGUlMjBsYSUyMENoYXNzZSUyMGV0JTIwZGUlMjBsYSUyME5hdHVyZXxlbnwwfHx8fDE3MjcyMDA5MjZ8MA&ixlib=rb-4.0.3&q=80&w=1080,75,40,70,60,40,60,65,2,50.0,48.8605,2.3622,60,10,50,55,5,40,False
Musée de la Vie Romantique,"Un musée dédié à l'époque romantique, installé dans une charmante maison avec un jardin et un café.",https://images.unsplash.com/photo-1598065412434-6544dc76f81f?crop=entropy&cs=tinysrgb&fit=max&fm=jpg&ixid=M3w2NTczMzV8MHwxfHNlYXJjaHwxfHxNdXMlQzMlQTllJTIwZGUlMjBsYSUyMFZpZSUyMFJvbWFudGlxdWV8ZW58MHx8fHwxNzI3MjAwOTI3fDA&ixlib=rb-4.0.3&q=80&w=1080,75,40,60,55,40,60,70,2,50.0,48.8824,2.3339,60,10,50,55,5,40,False
Musée du Quai Branly,"Un musée dédié à l'art et à la culture de l'Afrique, de l'Asie, de l'Océanie et des Amériques.",https://images.unsplash.com/photo-1666468687723-eaa328a27e72?crop=entropy&cs=tinysrgb&fit=max&fm=jpg&ixid=M3w2NTczMzV8MHwxfHNlYXJjaHwxfHxNdXMlQzMlQTllJTIwZHUlMjBRdWFpJTIwQnJhbmx5fGVufDB8fHx8MTcyNzIwMDkyOHww&ixlib=rb-4.0.3&q=80&w=1080,55,85,90,85,55,70,75,3,60.0,48.8606,2.297,85,5,15,80,5,30,False
Notre-Dame Cathedral,Découvrez l'architecture gothique de la cathédrale Notre-Dame de Paris.,https://images.unsplash.com/photo-1565457211452-16f8e7062a0a?crop=entropy&cs=tinysrgb&fit=max&fm=jpg&ixid=M3w2NTczMzV8MHwxfHNlYXJjaHwxfHxOb3RyZS1EYW1lJTIwQ2F0aGVkcmFsfGVufDB8fHx8MTcyNzE5MDIzMnww&ixlib=rb-4.0.3&q=80&w=1080,40,100,100,95,60,85,80,3,90.0,48.8529,2.3508,100,5,5,85,0,20,True
Opéra Bastille,"Assistez à un opéra ou un ballet dans ce théâtre moderne, connu pour son architecture impressionnante.",https://images.unsplash.com/photo-1636554613531-89ffb1592ec3?crop=entropy&cs=tinysrgb&fit=max&fm=jpg&ixid=M3w2NTczMzV8MHwxfHNlYXJjaHwxfHxPcCVDMyVBOXJhJTIwQmFzdGlsbGV8ZW58MHx8fHwxNzI3MjAwOTMxfDA&ixlib=rb-4.0.3&q=80&w=1080,40,75,85,75,50,65,70,3,60.0,48.8531,2.3699,70,5,20,75,5,30,False
Opéra Garnier Tour,"Faites une visite guidée du somptueux Palais Garnier, symbole de l'opulence parisienne.",https://images.unsplash.com/photo-1599049354107-fac4c52f3ace?crop=entropy&cs=tinysrgb&fit=max&fm=jpg&ixid=M3w2NTczMzV8MHwxfHNlYXJjaHwxfHxPcCVDMyVBOXJhJTIwR2FybmllciUyMFRvdXJ8ZW58MHx8fHwxNzI3MTkwMzc1fDA&ixlib=rb-4.0.3&q=80&w=1080,50,90,90,85,50,70,75,3,60.0,48.8719,2.3317,90,5,10,80,5,30,False
Palace of Versailles,"Visitez l'opulent château de Versailles, ancienne résidence des rois de France.",https://images.unsplash.com/photo-1624301466553-cb1721edab2a?crop=entropy&cs=tinysrgb&fit=max&fm=jpg&ixid=M3w2NTczMzV8MHwxfHNlYXJjaHwxfHxQYWxhY2UlMjBvZiUyMFZlcnNhaWxsZXN8ZW58MHx8fHwxNzI3MTkwMjM2fDA&ixlib=rb-4.0.3&q=80&w=1080,40,100,100,95,60,85,80,3,90.0,48.8049,2.1203,100,5,5,85,0,20,True
Palais Garnier,"Visitez le grand opéra, un chef-d'œuvre architectural et une icône culturelle de Paris.",https://images.unsplash.com/photo-1630587148265-761cbd139043?crop=entropy&cs=tinysrgb&fit=max&fm=jpg&ixid=M3w2NTczMzV8MHwxfHNlYXJjaHwxfHxQYWxhaXMlMjBHYXJuaWVyfGVufDB8fHx8MTcyNzIwMDkzNHww&ixlib=rb-4.0.3&q=80&w=1080,40,100,100,95,60,85,80,3,90.0,48.8719,2.3317,100,5,5,85,0,20,False
Palais de Tokyo,Un centre d'art contemporain présentant des expositions avant-gardistes dans un vaste espace moderne.,https://images.unsplash.com/photo-1680293465970-6f07b44e7806?crop=entropy&cs=tinysrgb&fit=max&fm=jpg&ixid=M3w2NTczMzV8MHwxfHNlYXJjaHwxfHxQYWxhaXMlMjBkZSUyMFRva3lvfGVufDB8fHx8MTcyNzIwMDkzNXww&ixlib=rb-4.0.3&q=80&w=1080,75,60,80,65,50,70,75,2,60.0,48.8645,2.2977,75,5,35,75,5,40,False
Panthéon,"Un mausolée contenant les restes de citoyens français distingués, avec une histoire fascinante.",https://images.unsplash.com/photo-1623750318031-1a721a9f6124?crop=entropy&cs=tinysrgb&fit=max&fm=jpg&ixid=M3w2NTczMzV8MHwxfHNlYXJjaHwxfHxQYW50aCVDMyVBOW9ufGVufDB8fHx8MTcyNzIwMDkzNnww&ixlib=rb-4.0.3&q=80&w=1080,50,90,90,85,50,70,75,2,60.0,48.8462,2.3444,90,5,20,80,5,35,False
Parc André Citroën,"Un parc moderne avec de vastes pelouses, des fontaines, et un ballon captif pour une vue aérienne.",https://images.unsplash.com/photo-1709217070724-583b08f3524e?crop=entropy&cs=tinysrgb&fit=max&fm=jpg&ixid=M3w2NTczMzV8MHwxfHNlYXJjaHwxfHxQYXJjJTIwQW5kciVDMyVBOSUyMENpdHJvJUMzJUFCbnxlbnwwfHx8fDE3MjcyMDA5Mzh8MA&ixlib=rb-4.0.3&q=80&w=1080,80,60,40,55,80,75,75,1,40.0,48.8369,2.277,60,10,40,60,15,50,False
Parc Georges-Brassens,Un parc paisible dans le 15e arrondissement avec un vignoble et un marché de livres le week-end.,https://images.unsplash.com/photo-1602745724567-e665476f2519?crop=entropy&cs=tinysrgb&fit=max&fm=jpg&ixid=M3w2NTczMzV8MHwxfHNlYXJjaHwxfHxQYXJjJTIwR2Vvcmdlcy1CcmFzc2Vuc3xlbnwwfHx8fDE3MjcyMDA5Mzl8MA&ixlib=rb-4.0.3&q=80&w=1080,85,40,40,50,80,70,70,1,40.0,48.8336,2.3039,50,10,60,55,15,55,False
Parc Monceau,"Un parc serein avec de belles statues, un étang, et de nombreux endroits pour se détendre.",https://images.unsplash.com/photo-1636142350095-947181bdff8d?crop=entropy&cs=tinysrgb&fit=max&fm=jpg&ixid=M3w2NTczMzV8MHwxfHNlYXJjaHwxfHxQYXJjJTIwTW9uY2VhdXxlbnwwfHx8fDE3MjcxOTA0MTB8MA&ixlib=rb-4.0.3&q=80&w=1080,70,75,45,65,80,75,80,1,40.0,48.8795,2.309,70,10,40,65,10,45,False
Parc de Belleville,"Un parc moins connu avec de belles vues sur la ville, calme et parfait pour un après-midi tranquille.",https://images.unsplash.com/photo-1598065412434-6544dc76f81f?crop=entropy&cs=tinysrgb&fit=max&fm=jpg&ixid=M3w2NTczMzV8MHwxfHNlYXJjaHwxfHxQYXJjJTIwZGUlMjBCZWxsZXZpbGxlfGVufDB8fHx8MTcyNzIwMDk0MXww&ixlib=rb-4.0.3&q=80&w=1080,85,55,40,60,80,75,75,1,40.0,48.873,2.383,60,20,50,60,15,55,False
Parc de Bercy,"Un magnifique parc avec des jardins, des étangs et des serres, idéal pour une journée tranquille.",https://images.unsplash.com/photo-1683314679240-90f06daf64a4?crop=entropy&cs=tinysrgb&fit=max&fm=jpg&ixid=M3w2NTczMzV8MHwxfHNlYXJjaHwxfHxQYXJjJTIwZGUlMjBCZXJjeXxlbnwwfHx8fDE3MjcyMDA5NDN8MA&ixlib=rb-4.0.3&q=80&w=1080,80,65,45,65,80,75,75,1,40.0,48.8332,2.384,65,10,40,60,10,45,False
Parc de la Butte-du-Chapeau-Rouge,Un parc calme et méconnu offrant une vue panoramique sur la ville et de belles pelouses.,Une erreur s'est produite lors de la requête : 403 Client Error: Forbidden for url: https://api.unsplash.com/search/photos?query=Parc+de+la+Butte-du-Chapeau-Rouge&per_page=1&client_id=6GqmEGAUVEdj8sp6Z7_Qv1AwMSjI5xnE-uh-vOyapq0,85,40,40,50,80,70,70,1,40.0,48.8791,2.3982,50,15,60,55,15,55,False
Parc de la Villette,Détendez-vous dans ce vaste parc qui combine des espaces verts avec des lieux culturels.,https://images.unsplash.com/photo-1723546715010-36aef153139e?crop=entropy&cs=tinysrgb&fit=max&fm=jpg&ixid=M3w2NTczMzV8MHwxfHNlYXJjaHwxfHxQYXJjJTIwZGUlMjBsYSUyMFZpbGxldHRlfGVufDB8fHx8MTcyNzE5MDQwOHww&ixlib=rb-4.0.3&q=80&w=1080,75,70,60,70,80,75,75,2,50.0,48.8914,2.393,75,20,40,70,15,50,False
Paris Catacombs,"Explorez les ossuaires souterrains de Paris, une expérience unique et fascinante.",https://images.unsplash.com/photo-1608214316492-bfdc317b1a06?crop=entropy&cs=tinysrgb&fit=max&fm=jpg&ixid=M3w2NTczMzV8MHwxfHNlYXJjaHwxfHxQYXJpcyUyMENhdGFjb21ic3xlbnwwfHx8fDE3MjcxOTAzNjJ8MA&ixlib=rb-4.0.3&q=80&w=1080,40,90,80,85,60,75,65,3,60.0,48.8339,2.3322,85,30,10,75,0,35,False
Paris Kart Indoor,Une piste de karting indoor pour les amateurs d'adrénaline à la recherche d'action à Paris.,Une erreur s'est produite lors de la requête : 403 Client Error: Forbidden for url: https://api.unsplash.com/search/photos?query=Paris+Kart+Indoor&per_page=1&client_id=6GqmEGAUVEdj8sp6Z7_Qv1AwMSjI5xnE-uh-vOyapq0,60,40,30,50,70,85,75,2,50.0,48.896,2.355,65,25,60,80,30,70,False
Passage Brady,"Un passage étroit rempli de restaurants et boutiques indiens et pakistanais, un goût d'Asie à Paris.",Une erreur s'est produite lors de la requête : 403 Client Error: Forbidden for url: https://api.unsplash.com/search/photos?query=Passage+Brady&per_page=1&client_id=6GqmEGAUVEdj8sp6Z7_Qv1AwMSjI5xnE-uh-vOyapq0,65,50,45,55,60,65,70,1,30.0,48.87,2.3564,60,15,40,55,10,60,False
Petit Palais,Explorez les collections des beaux-arts dans ce magnifique bâtiment qui propose également des expositions gratuites.,Une erreur s'est produite lors de la requête : 403 Client Error: Forbidden for url: https://api.unsplash.com/search/photos?query=Petit+Palais&per_page=1&client_id=6GqmEGAUVEdj8sp6Z7_Qv1AwMSjI5xnE-uh-vOyapq0,65,80,80,75,60,70,75,2,50.0,48.8662,2.3135,85,5,20,75,5,35,True
Place des Vosges,"La plus ancienne place aménagée de Paris, un endroit tranquille pour se détendre et observer les passants.",https://images.unsplash.com/photo-1710691018646-b02ad0761da3?crop=entropy&cs=tinysrgb&fit=max&fm=jpg&ixid=M3w2NTczMzV8MHwxfHNlYXJjaHwxfHxQbGFjZSUyMGRlcyUyMFZvc2dlc3xlbnwwfHx8fDE3MjcxOTA0MTN8MA&ixlib=rb-4.0.3&q=80&w=1080,55,85,85,80,70,75,75,1,50.0,48.8554,2.3653,85,5,30,80,0,30,True
Place du Marché Saint-Honoré,"Une place moderne avec un bâtiment en verre, entourée de cafés et de boutiques.",Une erreur s'est produite lors de la requête : 403 Client Error: Forbidden for url: https://api.unsplash.com/search/photos?query=Place+du+March%C3%A9+Saint-Honor%C3%A9&per_page=1&client_id=6GqmEGAUVEdj8sp6Z7_Qv1AwMSjI5xnE-uh-vOyapq0,70,70,50,65,70,75,75,2,40.0,48.8671,2.3322,70,5,40,70,5,50,False
Pont Alexandre III,Admirez l'architecture ornée du plus beau pont de Paris.,https://images.unsplash.com/photo-1690759432345-8008b47df90d?crop=entropy&cs=tinysrgb&fit=max&fm=jpg&ixid=M3w2NTczMzV8MHwxfHNlYXJjaHwxfHxQb250JTIwQWxleGFuZHJlJTIwSUlJfGVufDB8fHx8MTcyNzE5MDM4Mnww&ixlib=rb-4.0.3&q=80&w=1080,40,90,75,80,60,75,75,1,50.0,48.8636,2.3135,90,5,20,80,5,30,True
Promenade Dora Maar,"Une promenade paisible avec des installations d'art moderne, loin de l'agitation de la ville.",Une erreur s'est produite lors de la requête : 403 Client Error: Forbidden for url: https://api.unsplash.com/search/photos?query=Promenade+Dora+Maar&per_page=1&client_id=6GqmEGAUVEdj8sp6Z7_Qv1AwMSjI5xnE-uh-vOyapq0,75,40,40,55,70,70,75,1,40.0,48.8962,2.2767,50,10,40,55,15,50,False
Promenade Plantée,"Un magnifique parc surélevé construit sur une ancienne ligne de chemin de fer, idéal pour une promenade tranquille.",https://images.unsplash.com/photo-1570688384235-e33c15afbe82?crop=entropy&cs=tinysrgb&fit=max&fm=jpg&ixid=M3w2NTczMzV8MHwxfHNlYXJjaHwxfHxQcm9tZW5hZGUlMjBQbGFudCVDMyVBOWV8ZW58MHx8fHwxNzI3MTkwNDEyfDA&ixlib=rb-4.0.3&q=80&w=1080,85,50,50,60,70,75,75,1,50.0,48.8438,2.3807,65,20,50,60,10,55,False
Promenade des Plantes,Une promenade pittoresque à travers l'espace vert surélevé offrant une évasion paisible de la ville.,Une erreur s'est produite lors de la requête : 403 Client Error: Forbidden for url: https://api.unsplash.com/search/photos?query=Promenade+des+Plantes&per_page=1&client_id=6GqmEGAUVEdj8sp6Z7_Qv1AwMSjI5xnE-uh-vOyapq0,80,50,50,60,70,70,75,1,50.0,48.8438,2.3807,65,10,50,60,10,55,False
Pétanque at Place Dauphine,"Jouez à la pétanque sur la place historique Dauphine, un passe-temps local détendu.",Une erreur s'est produite lors de la requête : 403 Client Error: Forbidden for url: https://api.unsplash.com/search/photos?query=P%C3%A9tanque+at+Place+Dauphine&per_page=1&client_id=6GqmEGAUVEdj8sp6Z7_Qv1AwMSjI5xnE-uh-vOyapq0,70,50,40,50,70,75,75,1,40.0,48.856,2.3434,60,20,40,55,20,65,False
Quai de Jemmapes,"Un quai paisible le long du Canal Saint-Martin, prisé des locaux pour les pique-niques et les promenades.",Une erreur s'est produite lors de la requête : 403 Client Error: Forbidden for url: https://api.unsplash.com/search/photos?query=Quai+de+Jemmapes&per_page=1&client_id=6GqmEGAUVEdj8sp6Z7_Qv1AwMSjI5xnE-uh-vOyapq0,75,50,40,55,70,75,75,1,40.0,48.871,2.3709,65,20,50,60,10,60,False
Rue Crémieux,"Promenez-vous dans cette rue pittoresque et colorée, parfaite pour une session photo relaxante.",Une erreur s'est produite lors de la requête : 403 Client Error: Forbidden for url: https://api.unsplash.com/search/photos?query=Rue+Cr%C3%A9mieux&per_page=1&client_id=6GqmEGAUVEdj8sp6Z7_Qv1AwMSjI5xnE-uh-vOyapq0,65,60,40,50,70,70,75,1,30.0,48.8472,2.3709,60,10,50,55,10,70,False
Rue Mouffetard Market,"Un marché local avec des produits frais, parfait pour ceux qui recherchent une expérience parisienne authentique.",Une erreur s'est produite lors de la requête : 403 Client Error: Forbidden for url: https://api.unsplash.com/search/photos?query=Rue+Mouffetard+Market&per_page=1&client_id=6GqmEGAUVEdj8sp6Z7_Qv1AwMSjI5xnE-uh-vOyapq0,65,70,60,70,70,75,75,2,40.0,48.8422,2.3491,70,15,40,70,10,60,False
Sacré-Cœur Basilica,"Visitez la basilique emblématique de Montmartre, offrant une vue imprenable sur Paris.",https://images.unsplash.com/photo-1548092876-a2c48808e22d?crop=entropy&cs=tinysrgb&fit=max&fm=jpg&ixid=M3w2NTczMzV8MHwxfHNlYXJjaHwxfHxTYWNyJUMzJUE5LUMlQzUlOTN1ciUyMEJhc2lsaWNhfGVufDB8fHx8MTcyNzE5MDM2OHww&ixlib=rb-4.0.3&q=80&w=1080,40,100,90,95,60,85,80,1,90.0,48.8867,2.3431,100,5,5,85,0,25,False
Sainte-Chapelle,"Admirez les magnifiques vitraux de la Sainte-Chapelle, un joyau de l'architecture gothique.",https://images.unsplash.com/photo-1704967137129-1b8093075e9e?crop=entropy&cs=tinysrgb&fit=max&fm=jpg&ixid=M3w2NTczMzV8MHwxfHNlYXJjaHwxfHxTYWludGUtQ2hhcGVsbGV8ZW58MHx8fHwxNzI3MTkwMjQwfDA&ixlib=rb-4.0.3&q=80&w=1080,40,95,90,90,60,80,80,2,60.0,48.8554,2.3445,95,5,10,80,0,30,True
Seine River Cruise,Profitez d'une croisière relaxante sur la Seine et admirez les monuments emblématiques de Paris.,https://images.unsplash.com/photo-1567187155374-cd9135b1f247?crop=entropy&cs=tinysrgb&fit=max&fm=jpg&ixid=M3w2NTczMzV8MHwxfHNlYXJjaHwxfHxTZWluZSUyMFJpdmVyJTIwQ3J1aXNlfGVufDB8fHx8MTcyNzE5MDIzMHww&ixlib=rb-4.0.3&q=80&w=1080,60,90,80,85,70,85,85,2,90.0,48.8583,2.2945,90,10,10,85,5,25,True
Square René Viviani,Un petit parc calme près de Notre-Dame avec l'arbre le plus ancien de Paris.,square_rene_viviani.png,75,40,40,55,70,70,75,1,40.0,48.8523,2.3484,55,10,50,55,5,60,False
Square des Batignolles,"Un charmant jardin de style anglais avec un étang, des canards et des coins paisibles.",square_des_batignolles.png,85,50,40,55,80,70,75,1,40.0,48.8866,2.3172,60,15,60,60,15,60,False
Square des Peupliers,Une place résidentielle paisible avec des maisons charmantes et une atmosphère de village.,square_des_peupliers.png,80,40,40,50,80,70,70,1,40.0,48.8256,2.355,55,10,50,55,10,65,False
Square du Temple,Un parc paisible dans le Marais avec un petit étang et de beaux jardins.,square_du_temple.png,80,40,50,60,75,70,75,1,40.0,48.8636,2.3633,65,10,50,60,10,55,False
Square du Vert-Galant,"Un espace vert paisible à la pointe de l'Île de la Cité, parfait pour un pique-nique au bord de la rivière.",https://images.unsplash.com/photo-1544098281-073ae35c98b0?crop=entropy&cs=tinysrgb&fit=max&fm=jpg&ixid=M3w2NTczMzV8MHwxfHNlYXJjaHwxfHxTcXVhcmUlMjBkdSUyMFZlcnQtR2FsYW50fGVufDB8fHx8MTcyNzE5MDQwNXww&ixlib=rb-4.0.3&q=80&w=1080,85,45,40,55,80,70,75,1,40.0,48.857,2.3411,55,15,50,60,15,60,True
Théâtre des Champs-Élysées,Assistez à un concert ou un opéra dans l'un des lieux les plus prestigieux et culturellement riches de Paris.,theatre_des_champs_elysees.png,50,70,75,70,60,70,75,3,60.0,48.8653,2.3081,70,5,30,70,5,35,False
Théâtre du Châtelet,"Assistez à un spectacle dans ce théâtre historique, connu pour sa programmation culturelle variée.",theatre_du_chatelet.png,50,70,75,70,60,70,75,3,60.0,48.8576,2.347,70,5,30,70,5,35,False
Tour Eiffel,Visitez l'emblématique Tour Eiffel et profitez d'une vue imprenable sur Paris.,https://images.unsplash.com/photo-1558909540-384e29812f54?crop=entropy&cs=tinysrgb&fit=max&fm=jpg&ixid=M3w2NTczMzV8MHwxfHNlYXJjaHwxfHxUb3VyJTIwRWlmZmVsfGVufDB8fHx8MTcyNzE4OTU3M3ww&ixlib=rb-4.0.3&q=80&w=1080,40,100,100,100,60,90,85,1,90.0,48.8584,2.2945,100,5,5,95,0,20,True
Versailles Gardens,"Explorez les magnifiques jardins du Palais de Versailles, un chef-d'œuvre des jardins à la française.",https://images.unsplash.com/photo-1710566156843-915479c4c654?crop=entropy&cs=tinysrgb&fit=max&fm=jpg&ixid=M3w2NTczMzV8MHwxfHNlYXJjaHwxfHxWZXJzYWlsbGVzJTIwR2FyZGVuc3xlbnwwfHx8fDE3MjcxOTAzODB8MA&ixlib=rb-4.0.3&q=80&w=1080,70,100,85,95,70,85,80,1,60.0,48.8049,2.1203,100,10,5,85,10,25,True
Viaduc des Arts,"Une charmante arcade sous la Promenade Plantée, remplie d'ateliers d'artisans et de boutiques.",viaduc_des_arts.png,75,50,45,60,70,70,75,1,40.0,48.8459,2.375,60,15,50,60,10,65,False
Villa Léandre,Une rue charmante et tranquille à Montmartre qui ressemble à un petit village anglais.,villa_leandre.png,80,40,40,50,80,70,75,1,40.0,48.8899,2.335,55,10,50,55,10,60,False
Île Saint-Louis,Promenez-vous sur cette île charmante de la Seine avec ses boutiques pittoresques et son atmosphère détendue.,https://images.unsplash.com/photo-1639155246408-728d55d29cae?crop=entropy&cs=tinysrgb&fit=max&fm=jpg&ixid=M3w2NTczMzV8MHwxfHNlYXJjaHwxfHwlQzMlOEVsZSUyMFNhaW50LUxvdWlzfGVufDB8fHx8MTcyNzE5MDM5OHww&ixlib=rb-4.0.3&q=80&w=1080,65,85,75,80,70,75,75,1,50.0,48.8523,2.3569,85,5,30,80,0,30,True
